Aaren,0379337186
Aarika,0782977366
Aaron,0196130996
Ab,0198207689
Aba,0500746873
Abagael,0109160704
Abagail,0541938462
Abana,0640373553
Abba,0404629406
Abbe,0164872122
Abbey,0254158360
Abbi,0216716046
Abbie,0543980426
Abbot,0271576009
Abbotsen,0400582626
Abbotson,0678473842
Abbotsun,0788656136
Abbott,0796704976
Abbottson,0367524280
Abby,0112913529
Abbye,0717869239
Abdel,0176300974
Abdu,0580496247
Abdul,0159477225
Abdulla,0716248711
Abe,0379949409
Abebi,0240236897
Abel,0298318241
Abelard,0272703471
Abey,0414361086
Abie,0618268884
Abigael,0571905593
Abigail,0423048596
Abigale,0287847111
Abijah,0307555708
Abisha,0786117942
Abisia,0350100921
Abixah,0391908860
Abner,0663121249
Abott,0725244635
Abra,0195129140
Abraham,0375046110
Abrahan,0636449503
Abram,0297315154
Abramo,0643772722
Abran,0512824722
Absa,0474720666
Absalom,0126706884
Acacia,0257271589
Acalia,0734258369
Accalia,0150167172
Ace,0410514976
Acey,0378669680
Achilles,0446040045
Acie,0248566688
Acima,0341266437
Ackerley,0707257586
Ackley,0770462340
Ad,0589077861
Ada,0388465196
Adabel,0598076060
Adabelle,0389676151
Adah,0661270268
Adaha,0440105248
Adai,0658859411
Adaiha,0431244518
Adair,0463425904
Adal,0107150055
Adala,0450029108
Adalai,0763861127
Adalard,0613141752
Adalbert,0196718148
Adalheid,0278415329
Adali,0128110383
Adalia,0163938647
Adaliah,0199666890
Adalie,0543989228
Adaline,0548136799
Adall,0297113892
Adallard,0216629353
Adam,0135464125
Adama,0408573602
Adamec,0594134801
Adamek,0324535208
Adamik,0766227307
Adamina,0657432862
Adaminah,0228880295
Adamo,0513372443
Adamok,0791157294
Adams,0120519071
Adamsen,0567555671
Adamson,0173250637
Adamsun,0332077891
Adan,0245568644
Adao,0276604021
Adar,0263118642
Adara,0141460865
Adda,0549810974
Addam,0759125507
Addi,0447705693
Addia,0648721128
Addie,0211578661
Addiel,0293874800
Addis,0387509027
Addison,0649156553
Addy,0303264112
Ade,0561099236
Adebayo,0562549551
Adel,0210176054
Adela,0181895253
Adelaida,0205689709
Adelaide,0433816808
Adelbert,0211368553
Adele,0516274036
Adelheid,0157985210
Adelia,0281519762
Adelice,0217310207
Adelina,0191650541
Adelind,0248936813
Adeline,0469290236
Adella,0517098921
Adelle,0121338908
Adelpho,0494417058
Adelric,0468933677
Adena,0115575595
Adey,0225834377
Adham,0245873410
Adhamh,0743213166
Adi,0787063679
Adiel,0622687612
Adiell,0514016982
Adigun,0218127359
Adila,0525408119
Adin,0127268809
Adina,0266411476
Adine,0625656680
Adis,0644753002
Adlai,0586898166
Adlar,0266912418
Adlare,0288468336
Adlay,0225362503
Adlee,0558608197
Adlei,0318535718
Adler,0475178322
Adley,0757880150
Adna,0708409858
Adnah,0308474038
Adolf,0373147134
Adolph,0740321318
Adolphe,0721911010
Adolpho,0774667170
Adolphus,0471255967
Adon,0190732875
Adonis,0466523408
Adora,0442499761
Adoree,0631249355
Adrea,0264231719
Adrell,0362293886
Adria,0464907906
Adrial,0366788115
Adrian,0365250550
Adriana,0671932731
Adriane,0169978908
Adrianna,0294187678
Adrianne,0731030221
Adriano,0789653653
Adriel,0267948099
Adriell,0554668548
Adrien,0593313790
Adriena,0680598374
Adrienne,0141662849
Aelber,0318698874
Aenea,0514502298
Aeneas,0709914968
Aeneus,0560376049
Aeniah,0367968214
Aenneea,0465483647
Aeriel,0220555514
Aeriela,0446121184
Aeriell,0496053350
Affra,0356854581
Affrica,0569125581
Afra,0233003031
Africa,0554597410
Africah,0462138991
Afrika,0742924961
Afrikah,0537974619
Afton,0510307314
Ag,0226007108
Agace,0224736615
Agamemnon,0590841607
Agape,0720998896
Agata,0674350273
Agatha,0468990513
Agathe,0151584352
Agathy,0345486931
Aggappe,0629034758
Aggappera,0199642980
Aggappora,0110866175
Aggi,0135924882
Aggie,0798334079
Aggri,0527335478
Aggy,0622905152
Agna,0575245139
Agnella,0562511181
Agnes,0141627644
Agnese,0235232691
Agnesse,0500366763
Agneta,0555909559
Agnola,0275278641
Agosto,0346316183
Agripina,0324629452
Agrippina,0198139187
Agueda,0281581088
Aguistin,0677543915
Agustin,0151565818
Ahab,0459154125
Aharon,0659275429
Ahasuerus,0209866696
Ahearn,0220359289
Ahern,0291743090
Ahmad,0748983323
Ahmed,0450751145
Ahola,0547413366
Aholah,0241667801
Aholla,0613331120
Aia,0626472391
Aida,0425071583
Aidan,0637810645
Aiden,0674263113
Aigneis,0100792905
Aiken,0714200751
Aila,0516787766
Ailbert,0426270494
Ailee,0363711474
Aileen,0400879661
Ailene,0131870351
Ailey,0666481587
Aili,0410082857
Ailin,0621721175
Ailis,0533429934
Ailsa,0645558549
Ailssa,0731669857
Aimee,0787220477
Aimil,0587766891
Aimo,0468575178
Aindrea,0417496990
Ainslee,0433574856
Ainsley,0124977122
Ainslie,0657464188
Ainsworth,0236430069
Airel,0458259313
Airla,0610195162
Airlee,0629171827
Airlia,0148065073
Airliah,0176066114
Airlie,0229351162
Aisha,0194650740
Ajani,0624451159
Ajax,0375142226
Akanke,0722725954
Akela,0768473587
Akeyla,0145296319
Akeylah,0629014642
Akili,0510869322
Akim,0436136154
Akins,0105805774
Akira,0505250793
Aksel,0767579871
Al,0160293432
Alage,0324734232
Alain,0373403915
Alaine,0414450887
Alair,0178411739
Alake,0683251409
Alameda,0314203024
Alan,0533967198
Alana,0298321505
Alanah,0377402252
Aland,0214105658
Alane,0192421838
Alanna,0484420051
Alano,0629634415
Alansen,0338702722
Alanson,0356036622
Alard,0166619858
Alaric,0154044534
Alarice,0510058687
Alarick,0664505227
Alarise,0547989314
Alasdair,0272779379
Alastair,0668000016
Alasteir,0703986913
Alaster,0118577105
Alatea,0453851529
Alathia,0193842534
Alayne,0380166051
Alba,0620297486
Alban,0756327036
Alben,0537874546
Alberic,0569464782
Alberik,0194661571
Albert,0691285086
Alberta,0560280961
Albertina,0146090653
Albertine,0458486903
Alberto,0752823228
Albie,0556724870
Albin,0646424653
Albion,0121626019
Albrecht,0341379948
Albric,0208671161
Albur,0780976730
Alburg,0679246753
Alburga,0207543923
Alby,0480819865
Alcina,0511260356
Alcine,0206763728
Alcinia,0131274218
Alcot,0400740555
Alcott,0386753806
Alda,0130795315
Aldarcie,0184330533
Aldarcy,0698883572
Aldas,0196495107
Alded,0522523380
Alden,0505484882
Aldercy,0609239673
Aldin,0461090290
Aldis,0167464430
Aldo,0436995983
Aldon,0678825894
Aldora,0749779797
Aldous,0675507880
Aldred,0419829943
Aldredge,0133156881
Aldric,0752724957
Aldrich,0465248454
Aldridge,0168108651
Aldus,0293520477
Aldwin,0144141273
Aldwon,0466153084
Alec,0677625671
Alecia,0759742372
Aleck,0515280140
Aleda,0455017451
Aleece,0282901284
Aleedis,0700595620
Aleen,0741741040
Aleetha,0580547100
Alejandra,0734847282
Alejandrina,0481297772
Alejandro,0460272910
Alejo,0500652993
Alek,0606755567
Aleksandr,0654611882
Alena,0543661889
Alene,0476884822
Alenson,0705494929
Aleras,0263344385
Aleris,0321284165
Aleron,0156075502
Alessandra,0409473418
Alessandro,0203832491
Aleta,0365257658
Aletha,0513810040
Alethea,0762683221
Alethia,0743027611
Aletta,0561471363
Alex,0526663198
Alexa,0278996825
Alexander,0233451651
Alexandr,0676419473
Alexandra,0204564510
Alexandre,0697818790
Alexandria,0285222368
Alexandrina,0200601596
Alexandro,0607657366
Alexandros,0638424714
Alexi,0511001817
Alexia,0605692265
Alexina,0691836145
Alexine,0164727041
Alexio,0541356952
Alexis,0486947798
Aleydis,0145241451
Alf,0546520307
Alfeus,0150441461
Alfi,0351502051
Alfie,0337493004
Alfons,0299388486
Alfonso,0230172968
Alfonzo,0306149030
Alford,0277177140
Alfred,0434317146
Alfreda,0429253289
Alfredo,0661307214
Alfy,0186608307
Algar,0654591841
Alger,0774789796
Algernon,0391822190
Algie,0723168030
Algy,0318237012
Ali,0572067005
Alia,0420286182
Alic,0183726675
Alica,0311515136
Alice,0455192665
Alicea,0142647624
Alicia,0704800525
Alick,0152511888
Alida,0248061296
Alidia,0638585877
Alidis,0103346422
Alidus,0497012424
Alie,0405636061
Alika,0382674070
Alikee,0238058303
Alina,0411289045
Aline,0242056560
Alinna,0703089692
Alis,0458060225
Alisa,0743702123
Alisan,0570076336
Alisander,0358492895
Alisen,0678988722
Alisha,0625528119
Alisia,0268313104
Alison,0533955329
Alissa,0613610184
Alistair,0479220905
Alister,0245558866
Alita,0524398217
Alitha,0673447258
Alithea,0783938924
Alithia,0359011290
Alitta,0611307284
Alius,0129366053
Alix,0177680455
Alla,0372136217
Allan,0449168295
Allana,0173651220
Allanson,0464183578
Allard,0254663604
Allare,0349871769
Allayne,0157093453
Allcot,0767970105
Alleen,0718364989
Allegra,0350501620
Allen,0228328176
Allene,0718632390
Alleras,0672886617
Allerie,0285821888
Alleris,0583459012
Allerus,0521703493
Alley,0315687713
Alleyn,0672953265
Alli,0552705220
Allie,0356911315
Allina,0346292635
Allis,0697714934
Allisan,0149812558
Allison,0562243684
Allissa,0531907340
Allista,0648441992
Allister,0673933030
Allistir,0114816323
Allix,0331732323
Allsun,0638934921
Allveta,0485434693
Ally,0721725433
Allyce,0620735119
Allyn,0719482359
Allys,0610308578
Allyson,0415050894
Alma,0362850125
Almeda,0245071271
Almeeta,0447456603
Almeria,0628048752
Almeta,0634759210
Almira,0777368721
Almire,0706895660
Almita,0397653779
Almund,0367473942
Alo,0232597778
Alodee,0554457375
Alodi,0315810477
Alodie,0582920908
Aloin,0215688866
Aloise,0513883693
Aloisia,0588159366
Aloisius,0117268209
Alon,0498793186
Alonso,0239169696
Alonzo,0179514113
Aloysia,0587558352
Aloysius,0437220233
Alpheus,0379165413
Alphonsa,0542688736
Alphonse,0196061527
Alphonsine,0159449991
Alphonso,0140256460
AlrZc,0695869126
Alric,0313941552
Alrick,0505572138
Alroy,0435015335
Also,0460952786
Alston,0361094672
Alsworth,0268702756
Alta,0291909736
Alten,0537647500
Althea,0647485836
Althee,0513790244
Altheta,0615446461
Alton,0183573704
Aluin,0510953349
Aluino,0158008885
Alurta,0583564694
Alva,0637448695
Alvan,0293397851
Alvar,0408559379
Alver,0284405869
Alverta,0165290978
Alveta,0150438515
Alvie,0408845089
Alvin,0315882792
Alvina,0239602424
Alvinia,0295252339
Alvis,0465804758
Alvita,0672382010
Alvord,0503109154
Alvy,0511718958
Alwin,0789697665
Alwyn,0677229159
Alyce,0180503494
Alyda,0534881939
Alyose,0376736694
Alys,0354561633
Alysa,0171835622
Alyse,0258240207
Alysia,0730342232
Alyson,0226472288
Alyss,0566888702
Alyssa,0682417475
Ama,0312705546
Amabel,0428541367
Amabelle,0474920755
Amabil,0531187092
Amadas,0300122243
Amadeo,0310532725
Amadeus,0269178633
Amadis,0345813248
Amado,0426117243
Amadus,0789549759
Amal,0704876106
Amalbena,0294053598
Amalbergas,0289449433
Amalburga,0608378305
Amalea,0750373112
Amalee,0138853790
Amaleta,0632782059
Amalia,0115116540
Amalie,0102676174
Amalita,0596475541
Amanda,0590327838
Amandi,0455423026
Amandie,0220766849
Amando,0630955485
Amandy,0211485583
Amara,0751794075
Amaras,0175277640
Amarette,0692452878
Amargo,0597096701
Amari,0795279498
Amarillas,0427884610
Amarillis,0259135930
Amaris,0675590617
Amary,0582521983
Amaryl,0358722593
Amaryllis,0767609714
Amasa,0230318535
Amata,0675823977
Amathist,0646837554
Amathiste,0685140281
Amati,0645411362
Amaty,0504058867
Amber,0397245696
Amberly,0531283790
Ambert,0157775393
Ambie,0304199687
Ambrogino,0180266613
Ambros,0195214927
Ambrosane,0638773511
Ambrose,0412512289
Ambrosi,0458436042
Ambrosia,0537290005
Ambrosine,0333898778
Ambrosio,0487542010
Ambrosius,0263700493
Ambur,0230227577
Amby,0186925270
Ame,0354524546
Amelia,0480875016
Amelie,0683704434
Amelina,0613424162
Ameline,0674607881
Amelita,0189088630
Amena,0734892218
Amerigo,0310529628
Amery,0551898501
Amethist,0601120249
Amethyst,0303147870
Ami,0573082096
Amias,0392423005
Amice,0269430382
Amie,0402372059
Amiel,0142782634
Amii,0173744347
Aminta,0779398343
Amitie,0701567971
Amity,0464650279
Ammadas,0387051420
Ammadis,0105942537
Amora,0469583655
Amoreta,0451603087
Amorete,0769698167
Amorette,0623405689
Amorita,0486463255
Amoritta,0444329993
Amory,0335071909
Amos,0593633537
Amsden,0437844355
Amund,0130667183
Amy,0390670371
Amyas,0346439122
Amye,0215837489
Am=82lie,0580396444
An,0594753228
Ana,0153685548
Anabel,0283187656
Anabella,0275642621
Anabelle,0575087942
Analiese,0246623807
Analise,0673949444
Anastas,0674147759
Anastase,0518191633
Anastasia,0313474686
Anastasie,0511595220
Anastasio,0227198934
Anastasius,0455872222
Anastassia,0220293487
Anastatius,0714174682
Anastice,0326072033
Anatol,0295171426
Anatola,0184088070
Anatole,0794952930
Anatolio,0220381060
Ancalin,0117759465
Ancel,0657197669
Ancelin,0545815303
Anceline,0123712105
Ancell,0545364454
Ancilin,0608384124
Andee,0295063484
Ander,0491510206
Anderea,0311633777
Anders,0331412829
Anderson,0696305685
Andi,0142659371
Andie,0206873720
Andonis,0256361822
Andra,0623373666
Andras,0697048330
Andre,0126258958
Andrea,0232356596
Andreana,0771540429
Andreas,0726235539
Andree,0342757156
Andrej,0174716189
Andrel,0140808860
Andres,0782316754
Andrew,0225038969
Andrey,0604223075
Andria,0276222321
Andriana,0580796435
Andrien,0264252765
Andris,0486567957
Andromada,0326842098
Andromeda,0718385380
Andromede,0540275235
Andy,0348564092
Anestassia,0140908224
Anet,0621139665
Anett,0674190717
Anetta,0140634291
Anette,0289087619
Angadreme,0741572765
Angadresma,0581275147
Ange,0342026324
Angel,0165818031
Angela,0223999536
Angele,0500993202
Angelica,0192667678
Angelika,0419395730
Angelina,0683710261
Angeline,0761517487
Angelique,0337523273
Angelita,0436588267
Angell,0136592531
Angelle,0397060082
Angelo,0588770283
Angi,0321818108
Angie,0755465905
Angil,0444194545
Anglo,0351519262
Angus,0325202293
Angy,0719214838
Ania,0128666563
Anica,0138369318
Aniela,0185803819
Anissa,0213759693
Anita,0584776918
Anitra,0199180079
Aniweta,0142344171
Ann,0602614623
Anna,0499538369
Anna-Maria,0369303220
Annabal,0230678278
Annabel,0786056470
Annabell,0219176156
Annabella,0551543226
Annabelle,0343848562
Annaliese,0171612962
Annalise,0500131200
Annamaria,0788327748
Annamarie,0780021856
Anne,0710354478
Anneliese,0339102917
Annelise,0292740255
Annemarie,0587620233
Annetta,0429529640
Annette,0117933785
Anni,0442286651
Annia,0662787075
Annice,0742767997
Annie,0368425951
Annis,0563232336
Annissa,0280911442
Annmaria,0488005097
Annora,0332398529
Annorah,0608299387
Anny,0382490834
Anora,0183393897
Anse,0167246696
Ansel,0773995473
Ansela,0232427355
Ansell,0517007131
Anselm,0311002093
Anselma,0123485571
Anselme,0240728446
Anselmi,0442151406
Anselmo,0554575036
Ansilma,0315763158
Ansilme,0423766131
Ansley,0221536997
Anson,0603232408
Anstice,0629279974
Anstus,0785783152
Anthe,0263345906
Anthea,0457841680
Anthia,0656194065
Anthony,0127278033
Antin,0414259584
Antipas,0221117007
Antipus,0278290559
Antoine,0583644003
Antoinetta,0321943571
Antoinette,0348040718
Anton,0269319011
Antone,0420422296
Antonetta,0539141767
Antoni,0235080495
Antonia,0421618974
Antonie,0689523495
Antonietta,0515221880
Antonin,0479574616
Antonina,0220853844
Antonino,0581864101
Antonio,0326017203
Antonius,0607505114
Antons,0706832937
Antony,0526275789
Anuska,0756438747
Anya,0480453288
Anyah,0647910694
Aphra,0732426935
Aphrodite,0258526521
Apollo,0744609666
Apollus,0430794062
Apostles,0774205320
April,0445305538
Aprilette,0747015135
Ara,0592528765
Arabeila,0144870101
Arabela,0226375704
Arabele,0523133865
Arabella,0607866884
Arabelle,0611814397
Araldo,0152227963
Aramanta,0432824264
Aramena,0405651899
Araminta,0590443123
Arber,0767642654
Arch,0489459309
Archaimbaud,0707288550
Archambault,0300142381
Archangel,0533128655
Archer,0396875810
Archibald,0252846732
Archibaldo,0686680259
Archibold,0537695565
Archie,0738046416
Archy,0334703365
Ard,0301929268
Arda,0321069437
Ardath,0463595551
Ardeen,0275169608
Ardel,0439488095
Ardelia,0357444085
Ardelis,0448552700
Ardell,0591406684
Ardella,0319046569
Ardelle,0218704908
Arden,0330164914
Ardene,0172396777
Ardenia,0519511543
Ardeth,0462185228
Ardie,0531767164
Ardin,0710567450
Ardine,0338427350
Ardis,0377999549
Ardith,0668706344
Ardra,0193561637
Ardy,0795845834
Ardyce,0472539144
Ardys,0448340170
Ardyth,0608113044
Arel,0178725693
Arela,0754755741
Arella,0170657689
Arelus,0686570930
Aret,0689180285
Areta,0145183455
Aretha,0316183513
Aretina,0292087109
Aretta,0564594754
Arette,0689966158
Argile,0451882667
Argonauts,0553162284
Argus,0118678681
Argyle,0314750568
Ari,0624684442
Aria,0424253155
Ariadne,0275452882
Ariana,0685904248
Ariane,0138643723
Arianie,0613496621
Arianna,0744660651
Aribold,0799557697
Aric,0125596896
Arica,0397210800
Arick,0310668632
Aridatha,0271917682
Arie,0762395216
Ariel,0600327328
Ariela,0476597636
Ariella,0799257264
Arielle,0394108128
Arin,0300234064
Ario,0669944056
Arissa,0789018516
Aristotle,0646757140
Arita,0600812485
Ark,0511930520
Arlan,0239326499
Arlana,0642718580
Arlee,0686578908
Arleen,0725954321
Arlen,0715168424
Arlena,0345845719
Arlene,0464890269
Arleta,0124129977
Arlette,0673804584
Arley,0553411437
Arleyne,0475173818
Arlie,0441054723
Arliene,0785651156
Arlin,0479648969
Arlina,0698795074
Arlinda,0382460006
Arline,0468989800
Arlo,0216979827
Arluene,0724929391
Arly,0133824973
Arlyn,0225168411
Arlyne,0700194357
Armalda,0397140832
Armalla,0322452532
Armallas,0200344861
Arman,0383321176
Armand,0484818474
Armando,0737478592
Armelda,0512439513
Armil,0726148835
Armilda,0393548719
Armilla,0598929891
Armillas,0111442652
Armillda,0478153876
Armillia,0604558534
Armin,0458734265
Armond,0752832615
Armstrong,0656218560
Armyn,0740784811
Arnaldo,0458737012
Arnaud,0624794563
Arne,0719855771
Arney,0451299877
Arni,0427687262
Arnie,0369273560
Arno,0732465161
Arnold,0391295368
Arnoldo,0522620417
Arny,0491256351
Arola,0177944863
Aron,0322429200
Arondel,0767878924
Arondell,0645803968
Arri,0417774331
Arria,0664377333
Arrio,0309788315
Arron,0320780592
Art,0774445243
Arta,0382766933
Artair,0137325312
Artamas,0256867602
Arte,0338967899
Artema,0110712174
Artemas,0415097587
Artemis,0624978876
Artemisa,0681520165
Artemisia,0165988820
Artemus,0570690546
Arther,0599889025
Arthur,0135529690
Artie,0293593038
Artima,0670608750
Artimas,0603142863
Artina,0757165568
Artur,0468862181
Arturo,0390628600
Artus,0359018485
Arty,0116655815
Arundel,0747717490
Arundell,0464565194
Arv,0460100124
Arva,0420769398
Arvad,0587540965
Arvell,0480997239
Arvid,0382824293
Arvie,0654193826
Arvin,0293545426
Arvy,0119122439
Aryn,0339708835
As,0778207028
Asa,0497314890
Asabi,0568563782
Asaph,0126203850
Ase,0488801748
Ash,0281520076
Asha,0499394528
Ashbey,0773738005
Ashby,0623044788
Ashely,0430150710
Asher,0511063046
Ashford,0397677090
Ashia,0607810689
Ashla,0524173935
Ashlan,0160503462
Ashlee,0243764801
Ashleigh,0616610907
Ashlen,0434024192
Ashley,0590959789
Ashli,0283361105
Ashlin,0138697150
Ashly,0745416018
Ashti,0423574022
Ashton,0713872479
Asia,0617710778
Aspa,0532630798
Aspasia,0687867863
